Č.;Kategória;Názov služby;Trvanie (min);Cena (€);Počet osôb;Krátky popis;Popis do Booqme;Obsah rituálu
1;Head Spa rituály;Head Spa Classic;40;50;1;Prvé zoznámenie s Head Spa;Štyridsať minút, v ktorých zistíš, čo Head Spa vlastne je. Krátky, ale úplný rituál.;Uvítací nápoj · Krátka konzultácia · Jemný peeling pokožky hlavy · Čistenie pokožky hlavy · Relaxačná masáž hlavy · Jemný vodný Head Spa rituál · Umytie vlasov · Hydratačná starostlivosť · Teplý uterákový rituál · Záverečné vysušenie vlasov
2;Head Spa rituály;Head Spa Relax;60;67;1;Ticho, jemný dotyk, vôňa, teplo a voda;Šesťdesiat minút, počas ktorých sa svet na chvíľu zastaví.;Uvítací nápoj · Aromaterapeutický úvod · Peeling a hĺbkové čistenie pokožky hlavy · Relaxačná masáž hlavy · Rituál so sérom na pokožku hlavy · Masáž tváre · Relaxačná masáž dekoltu · Teplý uterákový rituál · Luxusný vodný Head Spa rituál · Výživná vlasová maska · Chladivý očný rituál · Záverečné opláchnutie a profesionálne vysušenie vlasov
3;Head Spa rituály;Head Spa Harmony;75;86;1;Sedemdesiatpäť minút bez zhonu;Komplexný rituál, v ktorom sa spája voda, teplo, vôňa, jemný dotyk a ticho.;Uvítací nápoj · Aromaterapeutický úvod · Jemný peeling a osvieženie pokožky hlavy · Intenzívna relaxačná masáž hlavy · Masáž tváre a spánkov · Teplý bylinný obklad · Luxusný vodný Head Spa rituál · Hĺbkový hydratačný vlasový zábal · Relaxačný zvukový rituál · Uvoľňujúci záverečný rituál pokoja · Záverečné opláchnutie a profesionálne vysušenie vlasov
4;Head Spa rituály;Hĺbkový rituál pre pokožku hlavy;90;88;1;Keď už nestačí obyčajná starostlivosť;Pre pokožku, ktorá sa rýchlo mastí, svrbí, má sklon k lupinám alebo pôsobí zaťažene.;Uvítací nápoj · Úvodná konzultácia a rozhovor o stave pokožky hlavy · Trichologické pozorovanie pokožky hlavy kamerou · Jemný predčistiaci rituál · Hĺbkový detox pokožky hlavy · Peeling podľa aktuálneho stavu pokožky · Relaxačná a stimulačná masáž pokožky hlavy · Teplý uterákový rituál · Špeciálna čistiaca starostlivosť pre pokožku hlavy · Vodný Head Spa rituál · Ošetrenie pokožky vhodným sérom · Výživná starostlivosť pre vlasy
5;Head Spa rituály;Head Spa Beauty Ritual;60;73;1;Pokožka hlavy, tvár aj vlasy v jednej hodine;Head Spa a kozmetika v jednom rituáli, pre pokožku hlavy, tvár aj vlasy.;Uvítací nápoj · Aromaterapeutický úvod · Jemné čistenie pokožky hlavy · Relaxačná masáž hlavy a spánkov · Luxusný vodný Head Spa rituál · Čistiaca a hydratačná maska na tvár · Liftingová masáž tváre · Relaxačná masáž dekoltu · Teplý uterákový rituál · Výživná maska pre vlasy · Chladivý očný rituál · Intenzívny záverečný pleťový rituál
6;Head Spa rituály;Head Spa Fruit & Fresh Ritual;75;80;1;Kúsok prírody, ktorý je cítiť;Svieži rituál s čerstvým ovocím, vodou, vôňou a striedaním tepla a chladu.;Uvítací nápoj s čerstvým ovocím · Svieži aromatický úvod · Rituál s čerstvým sezónnym ovocím · Jemné čistenie pokožky hlavy · Relaxačná masáž hlavy a spánkov · Luxusný vodný Head Spa rituál · Chladivý uhorkový očný rituál · Svieži pleťový obklad · Relaxačná masáž tváre · Teplý uterákový rituál · Čerstvý ovocný vlasový zábal · Hydratačná vlasová starostlivosť
7;Head Spa rituály;Head Spa Signature Ritual;120;123;1;Stodvadsať minút. Žiadny zhon.;Najkompletnejší rituál, aký v HEAD SPA 30 máme. Dve hodiny od pokožky hlavy cez tvár až po vlasy.;Uvítací nápoj · Privítací aromaterapeutický rituál s výberom vône · Jemný peeling a hĺbkové očistenie pokožky hlavy · Luxusný vodný Head Spa rituál · Intenzívny relaxačný rituál pokožky hlavy · Rituál pre spánky a tvár · Luxusná pleťová maska · Chladivý očný rituál · Teplý aromatický uterákový rituál · Hĺbkový vlasový zábal podľa typu vlasov · Výživné sérum pre pokožku hlavy · Relaxačný zvukový rituál
8;Pánske rituály;Gentlemen Head Spa;45;55;1;Jednoduchý. Elegantný. Mužský.;Štyridsaťpäť minút pokoja a starostlivosti pripravených pre mužov.;Uvítací nápoj · Úvodný relaxačný rituál · Jemný peeling pokožky hlavy · Hĺbkové čistenie pokožky hlavy · Relaxačný rituál hlavy a spánkov · Luxusný vodný Head Spa rituál · Teplý uterákový rituál · Osviežujúce ošetrenie pokožky hlavy · Výživná starostlivosť pre vlasy · Záverečné opláchnutie a profesionálne vysušenie vlasov
9;Pánske rituály;Gentlemen Harmony Ritual;60;61;1;Sila mužskej elegancie;Hodina v drevitých a sviežich tónoch, s teplým uterákom, vodou a jemným dotykom.;Uvítací nápoj · Výber charakteristickej pánskej vône: drevo, céder, bergamot · Osviežujúci peeling pokožky hlavy · Hĺbkové čistenie pokožky hlavy · Relaxačný rituál hlavy a spánkov · Luxusný vodný Head Spa rituál · Hrejivý aromatický uterákový rituál · Chladivý očný rituál · Relaxačný rituál pre tvár · Výživná vlasová starostlivosť · Ošetrenie pokožky hlavy pánskym sérom · Záverečný relaxačný moment v tichu
10;Pánske rituály;Gentlemen Deep Scalp Ritual;90;80;1;Keď pokožka hlavy potrebuje viac než šampón;Deväťdesiat minút pre mužov, ktorým sa pokožka hlavy rýchlo mastí, svrbí alebo má sklon k lupinám.;Uvítací nápoj · Úvodná konzultácia · Trichologické pozorovanie pokožky hlavy kamerou · Analýza aktuálneho stavu pokožky · Predčistiaci rituál · Hĺbkový peeling pokožky hlavy · Detoxikačné čistenie · Relaxačný rituál hlavy a spánkov · Luxusný vodný Head Spa rituál · Teplý aromatický uterákový rituál · Cielená starostlivosť pri nadmernom mastení, lupinách a nánosoch stylingových produktov · Ošetrenie pokožky vhodným sérom
11;Pánske rituály;Gentlemen Signature Experience;120;92;1;Najvyššia úroveň komfortu a oddychu;Dve hodiny bez telefónov a zhonu, jeden plynulý zážitok pre pokožku hlavy, vlasy aj tvár.;Uvítací nápoj · Výber charakteristickej pánskej vône: céder, santalové drevo, bergamot · Úvodný rituál na spomalenie a uvoľnenie · Jemný peeling pokožky hlavy · Luxusný vodný Head Spa rituál · Intenzívny relaxačný rituál hlavy a spánkov · Teplý aromatický uterákový rituál · Luxusná hydratačná maska na tvár · Chladivý očný rituál · Hĺbkový vlasový zábal · Výživné sérum pre pokožku hlavy · Aromatický oddych v tichu
12;Detské rituály;Little Fruit Head Spa;50;55;1;Malý hosť, veľký zážitok;Hravý a jemný rituál pripravený pre deti: voňavo, pomaly a s úsmevom.;Detský welcome drink · Ovocný aromatický úvod · Jemné čistenie pokožky hlavy · Ovocný vlasový zábal · Jemný relaxačný rituál hlavy · Jemný vodný Head Spa rituál · Jemná masáž hlavy · Teplý uteráčikový rituál · Hydratačná starostlivosť o vlasy · Malý relaxačný oddych · Záverečné umytie a vysušenie vlasov
13;Rituály pre dvoch;Spoločný Head Spa rituál;65;123;2;Niektoré chvíle sú krajšie, keď ich prežívame spolu;Dva rituály vedľa seba pre partnerov, mamu s dcérou, sestry či kamarátky. Cena platí za dve osoby.;Uvítací nápoj pre oboch · Aromaterapeutický úvod · Výber vône podľa nálady · Jemný peeling pokožky hlavy · Hĺbkové čistenie pokožky hlavy · Relaxačný rituál hlavy a spánkov · Luxusný vodný Head Spa rituál · Teplý aromatický uterákový rituál · Hydratačná vlasová maska · Jemný rituál pre tvár · Chladivý očný rituál · Krátky relaxačný zvukový rituál
14;Rituály pre dvoch;Spoločný rituál pod hviezdami;75;135;2;Dve osoby. Jedna hviezdna obloha.;Rituál pre dvoch v tlmenom svetle, s hviezdnou oblohou, vôňou, teplom a pokojnými zvukmi. Cena platí za dve osoby.;Uvítací nápoj pre oboch · Výber vône pre spoločný aromaterapeutický úvod · Jemný peeling pokožky hlavy · Hĺbkové čistenie pokožky hlavy · Relaxačný rituál hlavy a spánkov · Luxusný vodný Head Spa rituál · Teplý aromatický uterákový rituál · Hydratačná vlasová maska s teplým turbanom · Jemný relaxačný rituál pre tvár · Chladivý očný rituál · Rituál pod hviezdnou oblohou · Pokojný zvukový sprievod a tlmené svetlo
15;Rituály pre chodidlá;Klasický rituál pre chodidlá;40;45;1;Teplo. Vôňa. Dotyk. Relax.;Teplý kúpeľ, peeling, masky, teplo a reflexné tlakové techniky pre pocit ľahkosti chodidiel.;Uvítací nápoj · Voňavý aromaterapeutický úvod · Teplý kúpeľ chodidiel · Jemné penové očistenie · Peeling chodidiel · Osviežujúca maska na chodidlá · Hydratačná maska na päty · Teplý uterákový zábal · Reflexný tlakový rituál chodidiel · Jemné stimulačné techniky na chodidlách · Výživné sérum a intenzívna hydratácia · Záverečný relaxačný rituál v tichu
16;Rituály pre chodidlá;Ovocný a bylinkový rituál pre chodidlá;60;55;1;Ovocie, bylinky, teplo a dotyk;Teplý bylinný kúpeľ s čerstvými citrusmi, ovocný peeling, obklad a hydratačná maska pre chodidlá.;Uvítací nápoj s čerstvým ovocím · Voňavý aromaterapeutický úvod · Teplý bylinný kúpeľ chodidiel s čerstvými citrusmi · Jemné penové očistenie · Ovocný peeling chodidiel · Čerstvý ovocný a bylinný obklad · Chladivý osviežujúci rituál · Hydratačná maska na chodidlá a päty · Teplý uterákový zábal · Reflexný tlakový rituál chodidiel · Jemné stimulačné techniky pre pocit uvoľnenia · Výživné ovocné maslo alebo krémové ošetrenie · Aromaterapeutický oddych v tichu · Záverečný relaxačný rituál
17;Rituály pre chodidlá;Zlatý rituál 24K;90;110;1;Keď obyčajný relax nestačí, prichádza zlato;Kúpeľ, luxusný peeling, zlatá maska a 24K zábal na päty a chodidlá, so sérom s kozmetickým zlatom.;Uvítací nápoj · Zlatý aromaterapeutický úvod · Teplý kúpeľ chodidiel s minerálnym a aromatickým rituálom · Jemné penové očistenie · Luxusný peeling chodidiel · 24K zlatý peelingový rituál · Teplý uterákový zábal · Zlatá hydratačná maska na chodidlá · 24K zlatý zábal na päty a chodidlá · Reflexný tlakový rituál chodidiel · Jemné stimulačné techniky pre pocit uvoľnenia · Výživné sérum obohatené o kozmetické zlato · Hrejivý zábal chodidiel · Chladivý záverečný rituál · Aromaterapeutický odpočinok v úplnom tichu · Luxusné záverečné ošetrenie chodidiel
18;Kadernícke služby;Žehlenie krátke vlasy;35;15;1;Žehlenie vlasov samostatne;Žehlenie vlasov (samostatné bez iného úkonu);
19;Kadernícke služby;Žehlenie vlasov dlhé vlasy;40;25;1;Žehlenie vlasov samostatne;Žehlenie vlasov (samostatné bez iného úkonu);
20;Kadernícke služby;Fúkana - krátke vlasy;30;28;1;Objemová fúkaná;Objemová fúkaná kefou a natáčkami;
21;Kadernícke služby;Fúkana - dlhé vlasy;45;35,5;1;Objemová fúkaná;Objemová fúkaná kefou a natáčkami;
